id,name,description,price,stock,category_id,image_url,brand,images,variants,tags,reviews,questions,faqs,size_chart,store_type,featured,colors
36,Nouveau T-shirt,Un t-shirt confortable et élégant,29.99,100,2,/placeholder.png,APC,{},"[{""size"": ""M"", ""color"": ""rouge"", ""stock"": 50}, {""size"": ""L"", ""color"": ""bleu"", ""stock"": 50}]","{t-shirt,coton}",,,,,adult,f,"{rouge,bleu}"
34,Nouveau T-shirt,Un t-shirt confortable et élégant,29.99,100,2,http://localhost:5001/api/uploads/placeholder.png,"",{},"[{""size"": ""M"", ""color"": ""rouge"", ""stock"": 50}, {""size"": ""L"", ""color"": ""bleu"", ""stock"": 50}]","{t-shirt,coton}",,,,[],adult,t,"{rouge,bleu}"
44,Produit Test,Description test,99.99,5,13,,STONE ISLAND,,"[{""size"": ""M"", ""color"": ""Noir"", ""stock"": 3}, {""size"": ""L"", ""color"": ""Noir"", ""stock"": 2}]",,,,,,adult,f,
32,Nouveau T-shirt,Un t-shirt confortable et élégant,29.99,96,8,,C.P.COMPANY,{},"[{""size"": ""M"", ""color"": ""rouge"", ""stock"": 50}, {""size"": ""L"", ""color"": ""bleu"", ""stock"": 50}, {""size"": ""S"", ""color"": ""Noir"", ""stock"": 10}, {""size"": ""XS"", ""color"": ""Vert"", ""stock"": 15}]","{t-shirt,coton}",[],[],[],[],cpcompany,f,"{rouge,bleu}"
42,Produit,ssss,300.00,0,2,,C.P.COMPANY,{},"[{""size"": ""L"", ""color"": ""Noir"", ""stock"": 2}]",,[],[],[],[],cpcompany,t,{}
41,Produit cp,ssss,150.00,0,6,,C.P.COMPANY,{},[],,[],[],[],[],cpcompany,t,{}
33,Nouveau T-shirt,Un t-shirt confortable et élégant,29.99,100,2,http://localhost:5001/api/uploads/placeholder.png,"",{http://localhost:5001/api/uploads/1736782462670-s-l1200.jpg},"[{""size"": ""M"", ""color"": ""rouge"", ""stock"": 50}, {""size"": ""L"", ""color"": ""bleu"", ""stock"": 50}, {""size"": ""S"", ""color"": ""Noir"", ""stock"": 50}]","{t-shirt,coton}",,,,[],adult,t,"{rouge,bleu}"
35,SALOMON XT SLATE,Un t-shirt confortable et élégant,200.00,92,12,http://localhost:5001/api/uploads/placeholder.png,"",{http://localhost:5001/api/uploads/1738939722021-L47460500_1_800x.png},"[{""size"": ""40"", ""color"": ""Noir"", ""stock"": 10}]","{t-shirt,coton}",,,,[],sneakers,t,"{rouge,bleu}"
50,Produit Test 1,Description détaillée du produit test 1,668.32,64,2,https://picsum.photos/400/600?random=1,Adidas,"{https://picsum.photos/400/600?random=1,https://picsum.photos/400/600?random=2}","[{""size"": ""M"", ""color"": ""Noir"", ""stock"": 8}, {""size"": ""L"", ""color"": ""Blanc"", ""stock"": 43}]","{sport,tendance,nouveau}","[{""user"": ""User1"", ""rating"": 5, ""comment"": ""Très bon produit!""}]","[{""answer"": ""Taille standard."", ""question"": ""Question sur la taille?""}]","[{""answer"": ""Lavage à 30°C"", ""question"": ""Comment laver?""}]","{""L"": ""42-44"", ""M"": ""40-42"", ""S"": ""38-40"", ""XL"": ""44-46"", ""XS"": ""36-38""}",kids,f,
51,Produit Test 2,Description détaillée du produit test 2,420.22,84,2,https://picsum.photos/400/600?random=2,Puma,"{https://picsum.photos/400/600?random=2,https://picsum.photos/400/600?random=3}","[{""size"": ""M"", ""color"": ""Noir"", ""stock"": 16}, {""size"": ""L"", ""color"": ""Blanc"", ""stock"": 37}]","{sport,tendance,nouveau}","[{""user"": ""User2"", ""rating"": 1, ""comment"": ""Très bon produit!""}]","[{""answer"": ""Taille standard."", ""question"": ""Question sur la taille?""}]","[{""answer"": ""Lavage à 30°C"", ""question"": ""Comment laver?""}]","{""L"": ""42-44"", ""M"": ""40-42"", ""S"": ""38-40"", ""XL"": ""44-46"", ""XS"": ""36-38""}",sneakers,f,
52,Produit Test 3,Description détaillée du produit test 3,947.89,36,2,https://picsum.photos/400/600?random=3,Under Armour,"{https://picsum.photos/400/600?random=3,https://picsum.photos/400/600?random=4}","[{""size"": ""M"", ""color"": ""Noir"", ""stock"": 48}, {""size"": ""L"", ""color"": ""Blanc"", ""stock"": 44}]","{sport,tendance,nouveau}","[{""user"": ""User3"", ""rating"": 3, ""comment"": ""Très bon produit!""}]","[{""answer"": ""Taille standard."", ""question"": ""Question sur la taille?""}]","[{""answer"": ""Lavage à 30°C"", ""question"": ""Comment laver?""}]","{""L"": ""42-44"", ""M"": ""40-42"", ""S"": ""38-40"", ""XL"": ""44-46"", ""XS"": ""36-38""}",cpcompany,f,
53,Produit Test 4,Description détaillée du produit test 4,472.07,44,2,https://picsum.photos/400/600?random=4,Nike,"{https://picsum.photos/400/600?random=4,https://picsum.photos/400/600?random=5}","[{""size"": ""M"", ""color"": ""Noir"", ""stock"": 49}, {""size"": ""L"", ""color"": ""Blanc"", ""stock"": 1}]","{sport,tendance,nouveau}","[{""user"": ""User4"", ""rating"": 1, ""comment"": ""Très bon produit!""}]","[{""answer"": ""Taille standard."", ""question"": ""Question sur la taille?""}]","[{""answer"": ""Lavage à 30°C"", ""question"": ""Comment laver?""}]","{""L"": ""42-44"", ""M"": ""40-42"", ""S"": ""38-40"", ""XL"": ""44-46"", ""XS"": ""36-38""}",adult,f,
54,Produit Test 5,Description détaillée du produit test 5,261.05,0,2,https://picsum.photos/400/600?random=5,Adidas,"{https://picsum.photos/400/600?random=5,https://picsum.photos/400/600?random=6}","[{""size"": ""M"", ""color"": ""Noir"", ""stock"": 5}, {""size"": ""L"", ""color"": ""Blanc"", ""stock"": 6}]","{sport,tendance,nouveau}","[{""user"": ""User5"", ""rating"": 5, ""comment"": ""Très bon produit!""}]","[{""answer"": ""Taille standard."", ""question"": ""Question sur la taille?""}]","[{""answer"": ""Lavage à 30°C"", ""question"": ""Comment laver?""}]","{""L"": ""42-44"", ""M"": ""40-42"", ""S"": ""38-40"", ""XL"": ""44-46"", ""XS"": ""36-38""}",kids,f,
55,Produit Test 6,Description détaillée du produit test 6,918.35,35,2,https://picsum.photos/400/600?random=6,Puma,"{https://picsum.photos/400/600?random=6,https://picsum.photos/400/600?random=7}","[{""size"": ""M"", ""color"": ""Noir"", ""stock"": 4}, {""size"": ""L"", ""color"": ""Blanc"", ""stock"": 49}]","{sport,tendance,nouveau}","[{""user"": ""User6"", ""rating"": 2, ""comment"": ""Très bon produit!""}]","[{""answer"": ""Taille standard."", ""question"": ""Question sur la taille?""}]","[{""answer"": ""Lavage à 30°C"", ""question"": ""Comment laver?""}]","{""L"": ""42-44"", ""M"": ""40-42"", ""S"": ""38-40"", ""XL"": ""44-46"", ""XS"": ""36-38""}",sneakers,f,
56,Produit Test 7,Description détaillée du produit test 7,54.11,37,2,https://picsum.photos/400/600?random=7,Under Armour,"{https://picsum.photos/400/600?random=7,https://picsum.photos/400/600?random=8}","[{""size"": ""M"", ""color"": ""Noir"", ""stock"": 38}, {""size"": ""L"", ""color"": ""Blanc"", ""stock"": 47}]","{sport,tendance,nouveau}","[{""user"": ""User7"", ""rating"": 5, ""comment"": ""Très bon produit!""}]","[{""answer"": ""Taille standard."", ""question"": ""Question sur la taille?""}]","[{""answer"": ""Lavage à 30°C"", ""question"": ""Comment laver?""}]","{""L"": ""42-44"", ""M"": ""40-42"", ""S"": ""38-40"", ""XL"": ""44-46"", ""XS"": ""36-38""}",cpcompany,f,
57,Produit Test 8,Description détaillée du produit test 8,786.72,44,2,https://picsum.photos/400/600?random=8,Nike,"{https://picsum.photos/400/600?random=8,https://picsum.photos/400/600?random=9}","[{""size"": ""M"", ""color"": ""Noir"", ""stock"": 9}, {""size"": ""L"", ""color"": ""Blanc"", ""stock"": 4}]","{sport,tendance,nouveau}","[{""user"": ""User8"", ""rating"": 2, ""comment"": ""Très bon produit!""}]","[{""answer"": ""Taille standard."", ""question"": ""Question sur la taille?""}]","[{""answer"": ""Lavage à 30°C"", ""question"": ""Comment laver?""}]","{""L"": ""42-44"", ""M"": ""40-42"", ""S"": ""38-40"", ""XL"": ""44-46"", ""XS"": ""36-38""}",adult,f,
58,Produit Test 9,Description détaillée du produit test 9,703.32,30,2,https://picsum.photos/400/600?random=9,Adidas,"{https://picsum.photos/400/600?random=9,https://picsum.photos/400/600?random=10}","[{""size"": ""M"", ""color"": ""Noir"", ""stock"": 39}, {""size"": ""L"", ""color"": ""Blanc"", ""stock"": 14}]","{sport,tendance,nouveau}","[{""user"": ""User9"", ""rating"": 5, ""comment"": ""Très bon produit!""}]","[{""answer"": ""Taille standard."", ""question"": ""Question sur la taille?""}]","[{""answer"": ""Lavage à 30°C"", ""question"": ""Comment laver?""}]","{""L"": ""42-44"", ""M"": ""40-42"", ""S"": ""38-40"", ""XL"": ""44-46"", ""XS"": ""36-38""}",kids,f,
59,Produit Test 10,Description détaillée du produit test 10,850.10,99,2,https://picsum.photos/400/600?random=10,Puma,"{https://picsum.photos/400/600?random=10,https://picsum.photos/400/600?random=11}","[{""size"": ""M"", ""color"": ""Noir"", ""stock"": 35}, {""size"": ""L"", ""color"": ""Blanc"", ""stock"": 41}]","{sport,tendance,nouveau}","[{""user"": ""User10"", ""rating"": 4, ""comment"": ""Très bon produit!""}]","[{""answer"": ""Taille standard."", ""question"": ""Question sur la taille?""}]","[{""answer"": ""Lavage à 30°C"", ""question"": ""Comment laver?""}]","{""L"": ""42-44"", ""M"": ""40-42"", ""S"": ""38-40"", ""XL"": ""44-46"", ""XS"": ""36-38""}",sneakers,f,
60,Produit Test 11,Description détaillée du produit test 11,949.86,7,2,https://picsum.photos/400/600?random=11,Under Armour,"{https://picsum.photos/400/600?random=11,https://picsum.photos/400/600?random=12}","[{""size"": ""M"", ""color"": ""Noir"", ""stock"": 2}, {""size"": ""L"", ""color"": ""Blanc"", ""stock"": 6}]","{sport,tendance,nouveau}","[{""user"": ""User11"", ""rating"": 2, ""comment"": ""Très bon produit!""}]","[{""answer"": ""Taille standard."", ""question"": ""Question sur la taille?""}]","[{""answer"": ""Lavage à 30°C"", ""question"": ""Comment laver?""}]","{""L"": ""42-44"", ""M"": ""40-42"", ""S"": ""38-40"", ""XL"": ""44-46"", ""XS"": ""36-38""}",cpcompany,f,
61,Produit Test 12,Description détaillée du produit test 12,749.81,74,2,https://picsum.photos/400/600?random=12,Nike,"{https://picsum.photos/400/600?random=12,https://picsum.photos/400/600?random=13}","[{""size"": ""M"", ""color"": ""Noir"", ""stock"": 49}, {""size"": ""L"", ""color"": ""Blanc"", ""stock"": 12}]","{sport,tendance,nouveau}","[{""user"": ""User12"", ""rating"": 5, ""comment"": ""Très bon produit!""}]","[{""answer"": ""Taille standard."", ""question"": ""Question sur la taille?""}]","[{""answer"": ""Lavage à 30°C"", ""question"": ""Comment laver?""}]","{""L"": ""42-44"", ""M"": ""40-42"", ""S"": ""38-40"", ""XL"": ""44-46"", ""XS"": ""36-38""}",adult,f,
62,Produit Test 13,Description détaillée du produit test 13,783.92,50,2,https://picsum.photos/400/600?random=13,Adidas,"{https://picsum.photos/400/600?random=13,https://picsum.photos/400/600?random=14}","[{""size"": ""M"", ""color"": ""Noir"", ""stock"": 8}, {""size"": ""L"", ""color"": ""Blanc"", ""stock"": 36}]","{sport,tendance,nouveau}","[{""user"": ""User13"", ""rating"": 5, ""comment"": ""Très bon produit!""}]","[{""answer"": ""Taille standard."", ""question"": ""Question sur la taille?""}]","[{""answer"": ""Lavage à 30°C"", ""question"": ""Comment laver?""}]","{""L"": ""42-44"", ""M"": ""40-42"", ""S"": ""38-40"", ""XL"": ""44-46"", ""XS"": ""36-38""}",kids,f,
63,Produit Test 14,Description détaillée du produit test 14,852.42,35,2,https://picsum.photos/400/600?random=14,Puma,"{https://picsum.photos/400/600?random=14,https://picsum.photos/400/600?random=15}","[{""size"": ""M"", ""color"": ""Noir"", ""stock"": 41}, {""size"": ""L"", ""color"": ""Blanc"", ""stock"": 38}]","{sport,tendance,nouveau}","[{""user"": ""User14"", ""rating"": 3, ""comment"": ""Très bon produit!""}]","[{""answer"": ""Taille standard."", ""question"": ""Question sur la taille?""}]","[{""answer"": ""Lavage à 30°C"", ""question"": ""Comment laver?""}]","{""L"": ""42-44"", ""M"": ""40-42"", ""S"": ""38-40"", ""XL"": ""44-46"", ""XS"": ""36-38""}",sneakers,f,
64,Produit Test 15,Description détaillée du produit test 15,883.12,79,2,https://picsum.photos/400/600?random=15,Under Armour,"{https://picsum.photos/400/600?random=15,https://picsum.photos/400/600?random=16}","[{""size"": ""M"", ""color"": ""Noir"", ""stock"": 12}, {""size"": ""L"", ""color"": ""Blanc"", ""stock"": 24}]","{sport,tendance,nouveau}","[{""user"": ""User15"", ""rating"": 3, ""comment"": ""Très bon produit!""}]","[{""answer"": ""Taille standard."", ""question"": ""Question sur la taille?""}]","[{""answer"": ""Lavage à 30°C"", ""question"": ""Comment laver?""}]","{""L"": ""42-44"", ""M"": ""40-42"", ""S"": ""38-40"", ""XL"": ""44-46"", ""XS"": ""36-38""}",cpcompany,f,
65,Produit Test 16,Description détaillée du produit test 16,207.48,10,2,https://picsum.photos/400/600?random=16,Nike,"{https://picsum.photos/400/600?random=16,https://picsum.photos/400/600?random=17}","[{""size"": ""M"", ""color"": ""Noir"", ""stock"": 31}, {""size"": ""L"", ""color"": ""Blanc"", ""stock"": 9}]","{sport,tendance,nouveau}","[{""user"": ""User16"", ""rating"": 5, ""comment"": ""Très bon produit!""}]","[{""answer"": ""Taille standard."", ""question"": ""Question sur la taille?""}]","[{""answer"": ""Lavage à 30°C"", ""question"": ""Comment laver?""}]","{""L"": ""42-44"", ""M"": ""40-42"", ""S"": ""38-40"", ""XL"": ""44-46"", ""XS"": ""36-38""}",adult,f,
66,Produit Test 17,Description détaillée du produit test 17,326.97,16,2,https://picsum.photos/400/600?random=17,Adidas,"{https://picsum.photos/400/600?random=17,https://picsum.photos/400/600?random=18}","[{""size"": ""M"", ""color"": ""Noir"", ""stock"": 33}, {""size"": ""L"", ""color"": ""Blanc"", ""stock"": 1}]","{sport,tendance,nouveau}","[{""user"": ""User17"", ""rating"": 5, ""comment"": ""Très bon produit!""}]","[{""answer"": ""Taille standard."", ""question"": ""Question sur la taille?""}]","[{""answer"": ""Lavage à 30°C"", ""question"": ""Comment laver?""}]","{""L"": ""42-44"", ""M"": ""40-42"", ""S"": ""38-40"", ""XL"": ""44-46"", ""XS"": ""36-38""}",kids,f,
67,Produit Test 18,Description détaillée du produit test 18,571.54,17,2,https://picsum.photos/400/600?random=18,Puma,"{https://picsum.photos/400/600?random=18,https://picsum.photos/400/600?random=19}","[{""size"": ""M"", ""color"": ""Noir"", ""stock"": 15}, {""size"": ""L"", ""color"": ""Blanc"", ""stock"": 41}]","{sport,tendance,nouveau}","[{""user"": ""User18"", ""rating"": 4, ""comment"": ""Très bon produit!""}]","[{""answer"": ""Taille standard."", ""question"": ""Question sur la taille?""}]","[{""answer"": ""Lavage à 30°C"", ""question"": ""Comment laver?""}]","{""L"": ""42-44"", ""M"": ""40-42"", ""S"": ""38-40"", ""XL"": ""44-46"", ""XS"": ""36-38""}",sneakers,f,
68,Produit Test 19,Description détaillée du produit test 19,999.17,25,2,https://picsum.photos/400/600?random=19,Under Armour,"{https://picsum.photos/400/600?random=19,https://picsum.photos/400/600?random=20}","[{""size"": ""M"", ""color"": ""Noir"", ""stock"": 22}, {""size"": ""L"", ""color"": ""Blanc"", ""stock"": 46}]","{sport,tendance,nouveau}","[{""user"": ""User19"", ""rating"": 4, ""comment"": ""Très bon produit!""}]","[{""answer"": ""Taille standard."", ""question"": ""Question sur la taille?""}]","[{""answer"": ""Lavage à 30°C"", ""question"": ""Comment laver?""}]","{""L"": ""42-44"", ""M"": ""40-42"", ""S"": ""38-40"", ""XL"": ""44-46"", ""XS"": ""36-38""}",cpcompany,f,
69,Produit Test 20,Description détaillée du produit test 20,513.61,8,2,https://picsum.photos/400/600?random=20,Nike,"{https://picsum.photos/400/600?random=20,https://picsum.photos/400/600?random=21}","[{""size"": ""M"", ""color"": ""Noir"", ""stock"": 5}, {""size"": ""L"", ""color"": ""Blanc"", ""stock"": 40}]","{sport,tendance,nouveau}","[{""user"": ""User20"", ""rating"": 5, ""comment"": ""Très bon produit!""}]","[{""answer"": ""Taille standard."", ""question"": ""Question sur la taille?""}]","[{""answer"": ""Lavage à 30°C"", ""question"": ""Comment laver?""}]","{""L"": ""42-44"", ""M"": ""40-42"", ""S"": ""38-40"", ""XL"": ""44-46"", ""XS"": ""36-38""}",adult,f,
70,Produit Test 21,Description détaillée du produit test 21,127.24,47,2,https://picsum.photos/400/600?random=21,Adidas,"{https://picsum.photos/400/600?random=21,https://picsum.photos/400/600?random=22}","[{""size"": ""M"", ""color"": ""Noir"", ""stock"": 43}, {""size"": ""L"", ""color"": ""Blanc"", ""stock"": 11}]","{sport,tendance,nouveau}","[{""user"": ""User21"", ""rating"": 3, ""comment"": ""Très bon produit!""}]","[{""answer"": ""Taille standard."", ""question"": ""Question sur la taille?""}]","[{""answer"": ""Lavage à 30°C"", ""question"": ""Comment laver?""}]","{""L"": ""42-44"", ""M"": ""40-42"", ""S"": ""38-40"", ""XL"": ""44-46"", ""XS"": ""36-38""}",kids,f,
71,Produit Test 22,Description détaillée du produit test 22,244.42,94,2,https://picsum.photos/400/600?random=22,Puma,"{https://picsum.photos/400/600?random=22,https://picsum.photos/400/600?random=23}","[{""size"": ""M"", ""color"": ""Noir"", ""stock"": 48}, {""size"": ""L"", ""color"": ""Blanc"", ""stock"": 24}]","{sport,tendance,nouveau}","[{""user"": ""User22"", ""rating"": 3, ""comment"": ""Très bon produit!""}]","[{""answer"": ""Taille standard."", ""question"": ""Question sur la taille?""}]","[{""answer"": ""Lavage à 30°C"", ""question"": ""Comment laver?""}]","{""L"": ""42-44"", ""M"": ""40-42"", ""S"": ""38-40"", ""XL"": ""44-46"", ""XS"": ""36-38""}",sneakers,f,
72,Produit Test 23,Description détaillée du produit test 23,739.70,57,2,https://picsum.photos/400/600?random=23,Under Armour,"{https://picsum.photos/400/600?random=23,https://picsum.photos/400/600?random=24}","[{""size"": ""M"", ""color"": ""Noir"", ""stock"": 40}, {""size"": ""L"", ""color"": ""Blanc"", ""stock"": 42}]","{sport,tendance,nouveau}","[{""user"": ""User23"", ""rating"": 5, ""comment"": ""Très bon produit!""}]","[{""answer"": ""Taille standard."", ""question"": ""Question sur la taille?""}]","[{""answer"": ""Lavage à 30°C"", ""question"": ""Comment laver?""}]","{""L"": ""42-44"", ""M"": ""40-42"", ""S"": ""38-40"", ""XL"": ""44-46"", ""XS"": ""36-38""}",cpcompany,f,
73,Produit Test 24,Description détaillée du produit test 24,382.50,96,2,https://picsum.photos/400/600?random=24,Nike,"{https://picsum.photos/400/600?random=24,https://picsum.photos/400/600?random=25}","[{""size"": ""M"", ""color"": ""Noir"", ""stock"": 25}, {""size"": ""L"", ""color"": ""Blanc"", ""stock"": 20}]","{sport,tendance,nouveau}","[{""user"": ""User24"", ""rating"": 5, ""comment"": ""Très bon produit!""}]","[{""answer"": ""Taille standard."", ""question"": ""Question sur la taille?""}]","[{""answer"": ""Lavage à 30°C"", ""question"": ""Comment laver?""}]","{""L"": ""42-44"", ""M"": ""40-42"", ""S"": ""38-40"", ""XL"": ""44-46"", ""XS"": ""36-38""}",adult,f,
74,Produit Test 25,Description détaillée du produit test 25,298.11,31,2,https://picsum.photos/400/600?random=25,Adidas,"{https://picsum.photos/400/600?random=25,https://picsum.photos/400/600?random=26}","[{""size"": ""M"", ""color"": ""Noir"", ""stock"": 4}, {""size"": ""L"", ""color"": ""Blanc"", ""stock"": 49}]","{sport,tendance,nouveau}","[{""user"": ""User25"", ""rating"": 1, ""comment"": ""Très bon produit!""}]","[{""answer"": ""Taille standard."", ""question"": ""Question sur la taille?""}]","[{""answer"": ""Lavage à 30°C"", ""question"": ""Comment laver?""}]","{""L"": ""42-44"", ""M"": ""40-42"", ""S"": ""38-40"", ""XL"": ""44-46"", ""XS"": ""36-38""}",kids,f,
75,Produit Test 26,Description détaillée du produit test 26,294.89,79,2,https://picsum.photos/400/600?random=26,Puma,"{https://picsum.photos/400/600?random=26,https://picsum.photos/400/600?random=27}","[{""size"": ""M"", ""color"": ""Noir"", ""stock"": 34}, {""size"": ""L"", ""color"": ""Blanc"", ""stock"": 12}]","{sport,tendance,nouveau}","[{""user"": ""User26"", ""rating"": 2, ""comment"": ""Très bon produit!""}]","[{""answer"": ""Taille standard."", ""question"": ""Question sur la taille?""}]","[{""answer"": ""Lavage à 30°C"", ""question"": ""Comment laver?""}]","{""L"": ""42-44"", ""M"": ""40-42"", ""S"": ""38-40"", ""XL"": ""44-46"", ""XS"": ""36-38""}",sneakers,f,
76,Produit Test 27,Description détaillée du produit test 27,502.06,35,2,https://picsum.photos/400/600?random=27,Under Armour,"{https://picsum.photos/400/600?random=27,https://picsum.photos/400/600?random=28}","[{""size"": ""M"", ""color"": ""Noir"", ""stock"": 42}, {""size"": ""L"", ""color"": ""Blanc"", ""stock"": 21}]","{sport,tendance,nouveau}","[{""user"": ""User27"", ""rating"": 1, ""comment"": ""Très bon produit!""}]","[{""answer"": ""Taille standard."", ""question"": ""Question sur la taille?""}]","[{""answer"": ""Lavage à 30°C"", ""question"": ""Comment laver?""}]","{""L"": ""42-44"", ""M"": ""40-42"", ""S"": ""38-40"", ""XL"": ""44-46"", ""XS"": ""36-38""}",cpcompany,f,
77,Produit Test 28,Description détaillée du produit test 28,148.21,44,2,https://picsum.photos/400/600?random=28,Nike,"{https://picsum.photos/400/600?random=28,https://picsum.photos/400/600?random=29}","[{""size"": ""M"", ""color"": ""Noir"", ""stock"": 37}, {""size"": ""L"", ""color"": ""Blanc"", ""stock"": 31}]","{sport,tendance,nouveau}","[{""user"": ""User28"", ""rating"": 1, ""comment"": ""Très bon produit!""}]","[{""answer"": ""Taille standard."", ""question"": ""Question sur la taille?""}]","[{""answer"": ""Lavage à 30°C"", ""question"": ""Comment laver?""}]","{""L"": ""42-44"", ""M"": ""40-42"", ""S"": ""38-40"", ""XL"": ""44-46"", ""XS"": ""36-38""}",adult,f,
78,Produit Test 29,Description détaillée du produit test 29,932.20,37,2,https://picsum.photos/400/600?random=29,Adidas,"{https://picsum.photos/400/600?random=29,https://picsum.photos/400/600?random=30}","[{""size"": ""M"", ""color"": ""Noir"", ""stock"": 16}, {""size"": ""L"", ""color"": ""Blanc"", ""stock"": 33}]","{sport,tendance,nouveau}","[{""user"": ""User29"", ""rating"": 5, ""comment"": ""Très bon produit!""}]","[{""answer"": ""Taille standard."", ""question"": ""Question sur la taille?""}]","[{""answer"": ""Lavage à 30°C"", ""question"": ""Comment laver?""}]","{""L"": ""42-44"", ""M"": ""40-42"", ""S"": ""38-40"", ""XL"": ""44-46"", ""XS"": ""36-38""}",kids,f,
79,Produit Test 30,Description détaillée du produit test 30,386.38,90,2,https://picsum.photos/400/600?random=30,Puma,"{https://picsum.photos/400/600?random=30,https://picsum.photos/400/600?random=31}","[{""size"": ""M"", ""color"": ""Noir"", ""stock"": 20}, {""size"": ""L"", ""color"": ""Blanc"", ""stock"": 20}]","{sport,tendance,nouveau}","[{""user"": ""User30"", ""rating"": 2, ""comment"": ""Très bon produit!""}]","[{""answer"": ""Taille standard."", ""question"": ""Question sur la taille?""}]","[{""answer"": ""Lavage à 30°C"", ""question"": ""Comment laver?""}]","{""L"": ""42-44"", ""M"": ""40-42"", ""S"": ""38-40"", ""XL"": ""44-46"", ""XS"": ""36-38""}",sneakers,f,
80,Produit Test 31,Description détaillée du produit test 31,205.67,30,2,https://picsum.photos/400/600?random=31,Under Armour,"{https://picsum.photos/400/600?random=31,https://picsum.photos/400/600?random=32}","[{""size"": ""M"", ""color"": ""Noir"", ""stock"": 41}, {""size"": ""L"", ""color"": ""Blanc"", ""stock"": 44}]","{sport,tendance,nouveau}","[{""user"": ""User31"", ""rating"": 2, ""comment"": ""Très bon produit!""}]","[{""answer"": ""Taille standard."", ""question"": ""Question sur la taille?""}]","[{""answer"": ""Lavage à 30°C"", ""question"": ""Comment laver?""}]","{""L"": ""42-44"", ""M"": ""40-42"", ""S"": ""38-40"", ""XL"": ""44-46"", ""XS"": ""36-38""}",cpcompany,f,
81,Produit Test 32,Description détaillée du produit test 32,487.89,62,2,https://picsum.photos/400/600?random=32,Nike,"{https://picsum.photos/400/600?random=32,https://picsum.photos/400/600?random=33}","[{""size"": ""M"", ""color"": ""Noir"", ""stock"": 37}, {""size"": ""L"", ""color"": ""Blanc"", ""stock"": 41}]","{sport,tendance,nouveau}","[{""user"": ""User32"", ""rating"": 1, ""comment"": ""Très bon produit!""}]","[{""answer"": ""Taille standard."", ""question"": ""Question sur la taille?""}]","[{""answer"": ""Lavage à 30°C"", ""question"": ""Comment laver?""}]","{""L"": ""42-44"", ""M"": ""40-42"", ""S"": ""38-40"", ""XL"": ""44-46"", ""XS"": ""36-38""}",adult,f,
82,Produit Test 33,Description détaillée du produit test 33,323.36,67,2,https://picsum.photos/400/600?random=33,Adidas,"{https://picsum.photos/400/600?random=33,https://picsum.photos/400/600?random=34}","[{""size"": ""M"", ""color"": ""Noir"", ""stock"": 26}, {""size"": ""L"", ""color"": ""Blanc"", ""stock"": 20}]","{sport,tendance,nouveau}","[{""user"": ""User33"", ""rating"": 2, ""comment"": ""Très bon produit!""}]","[{""answer"": ""Taille standard."", ""question"": ""Question sur la taille?""}]","[{""answer"": ""Lavage à 30°C"", ""question"": ""Comment laver?""}]","{""L"": ""42-44"", ""M"": ""40-42"", ""S"": ""38-40"", ""XL"": ""44-46"", ""XS"": ""36-38""}",kids,f,
83,Produit Test 34,Description détaillée du produit test 34,696.16,93,2,https://picsum.photos/400/600?random=34,Puma,"{https://picsum.photos/400/600?random=34,https://picsum.photos/400/600?random=35}","[{""size"": ""M"", ""color"": ""Noir"", ""stock"": 6}, {""size"": ""L"", ""color"": ""Blanc"", ""stock"": 35}]","{sport,tendance,nouveau}","[{""user"": ""User34"", ""rating"": 3, ""comment"": ""Très bon produit!""}]","[{""answer"": ""Taille standard."", ""question"": ""Question sur la taille?""}]","[{""answer"": ""Lavage à 30°C"", ""question"": ""Comment laver?""}]","{""L"": ""42-44"", ""M"": ""40-42"", ""S"": ""38-40"", ""XL"": ""44-46"", ""XS"": ""36-38""}",sneakers,f,
84,Produit Test 35,Description détaillée du produit test 35,800.16,12,2,https://picsum.photos/400/600?random=35,Under Armour,"{https://picsum.photos/400/600?random=35,https://picsum.photos/400/600?random=36}","[{""size"": ""M"", ""color"": ""Noir"", ""stock"": 20}, {""size"": ""L"", ""color"": ""Blanc"", ""stock"": 45}]","{sport,tendance,nouveau}","[{""user"": ""User35"", ""rating"": 3, ""comment"": ""Très bon produit!""}]","[{""answer"": ""Taille standard."", ""question"": ""Question sur la taille?""}]","[{""answer"": ""Lavage à 30°C"", ""question"": ""Comment laver?""}]","{""L"": ""42-44"", ""M"": ""40-42"", ""S"": ""38-40"", ""XL"": ""44-46"", ""XS"": ""36-38""}",cpcompany,f,
85,Produit Test 36,Description détaillée du produit test 36,224.87,30,2,https://picsum.photos/400/600?random=36,Nike,"{https://picsum.photos/400/600?random=36,https://picsum.photos/400/600?random=37}","[{""size"": ""M"", ""color"": ""Noir"", ""stock"": 22}, {""size"": ""L"", ""color"": ""Blanc"", ""stock"": 13}]","{sport,tendance,nouveau}","[{""user"": ""User36"", ""rating"": 3, ""comment"": ""Très bon produit!""}]","[{""answer"": ""Taille standard."", ""question"": ""Question sur la taille?""}]","[{""answer"": ""Lavage à 30°C"", ""question"": ""Comment laver?""}]","{""L"": ""42-44"", ""M"": ""40-42"", ""S"": ""38-40"", ""XL"": ""44-46"", ""XS"": ""36-38""}",adult,f,
86,Produit Test 37,Description détaillée du produit test 37,797.49,42,2,https://picsum.photos/400/600?random=37,Adidas,"{https://picsum.photos/400/600?random=37,https://picsum.photos/400/600?random=38}","[{""size"": ""M"", ""color"": ""Noir"", ""stock"": 10}, {""size"": ""L"", ""color"": ""Blanc"", ""stock"": 8}]","{sport,tendance,nouveau}","[{""user"": ""User37"", ""rating"": 4, ""comment"": ""Très bon produit!""}]","[{""answer"": ""Taille standard."", ""question"": ""Question sur la taille?""}]","[{""answer"": ""Lavage à 30°C"", ""question"": ""Comment laver?""}]","{""L"": ""42-44"", ""M"": ""40-42"", ""S"": ""38-40"", ""XL"": ""44-46"", ""XS"": ""36-38""}",kids,f,
87,Produit Test 38,Description détaillée du produit test 38,923.13,38,2,https://picsum.photos/400/600?random=38,Puma,"{https://picsum.photos/400/600?random=38,https://picsum.photos/400/600?random=39}","[{""size"": ""M"", ""color"": ""Noir"", ""stock"": 41}, {""size"": ""L"", ""color"": ""Blanc"", ""stock"": 31}]","{sport,tendance,nouveau}","[{""user"": ""User38"", ""rating"": 1, ""comment"": ""Très bon produit!""}]","[{""answer"": ""Taille standard."", ""question"": ""Question sur la taille?""}]","[{""answer"": ""Lavage à 30°C"", ""question"": ""Comment laver?""}]","{""L"": ""42-44"", ""M"": ""40-42"", ""S"": ""38-40"", ""XL"": ""44-46"", ""XS"": ""36-38""}",sneakers,f,
88,Produit Test 39,Description détaillée du produit test 39,262.85,6,2,https://picsum.photos/400/600?random=39,Under Armour,"{https://picsum.photos/400/600?random=39,https://picsum.photos/400/600?random=40}","[{""size"": ""M"", ""color"": ""Noir"", ""stock"": 34}, {""size"": ""L"", ""color"": ""Blanc"", ""stock"": 46}]","{sport,tendance,nouveau}","[{""user"": ""User39"", ""rating"": 5, ""comment"": ""Très bon produit!""}]","[{""answer"": ""Taille standard."", ""question"": ""Question sur la taille?""}]","[{""answer"": ""Lavage à 30°C"", ""question"": ""Comment laver?""}]","{""L"": ""42-44"", ""M"": ""40-42"", ""S"": ""38-40"", ""XL"": ""44-46"", ""XS"": ""36-38""}",cpcompany,f,
89,Produit Test 40,Description détaillée du produit test 40,953.45,70,2,https://picsum.photos/400/600?random=40,Nike,"{https://picsum.photos/400/600?random=40,https://picsum.photos/400/600?random=41}","[{""size"": ""M"", ""color"": ""Noir"", ""stock"": 28}, {""size"": ""L"", ""color"": ""Blanc"", ""stock"": 2}]","{sport,tendance,nouveau}","[{""user"": ""User40"", ""rating"": 3, ""comment"": ""Très bon produit!""}]","[{""answer"": ""Taille standard."", ""question"": ""Question sur la taille?""}]","[{""answer"": ""Lavage à 30°C"", ""question"": ""Comment laver?""}]","{""L"": ""42-44"", ""M"": ""40-42"", ""S"": ""38-40"", ""XL"": ""44-46"", ""XS"": ""36-38""}",adult,f,
90,Produit Test 41,Description détaillée du produit test 41,538.11,78,2,https://picsum.photos/400/600?random=41,Adidas,"{https://picsum.photos/400/600?random=41,https://picsum.photos/400/600?random=42}","[{""size"": ""M"", ""color"": ""Noir"", ""stock"": 41}, {""size"": ""L"", ""color"": ""Blanc"", ""stock"": 33}]","{sport,tendance,nouveau}","[{""user"": ""User41"", ""rating"": 5, ""comment"": ""Très bon produit!""}]","[{""answer"": ""Taille standard."", ""question"": ""Question sur la taille?""}]","[{""answer"": ""Lavage à 30°C"", ""question"": ""Comment laver?""}]","{""L"": ""42-44"", ""M"": ""40-42"", ""S"": ""38-40"", ""XL"": ""44-46"", ""XS"": ""36-38""}",kids,f,
91,Produit Test 42,Description détaillée du produit test 42,365.20,41,2,https://picsum.photos/400/600?random=42,Puma,"{https://picsum.photos/400/600?random=42,https://picsum.photos/400/600?random=43}","[{""size"": ""M"", ""color"": ""Noir"", ""stock"": 9}, {""size"": ""L"", ""color"": ""Blanc"", ""stock"": 12}]","{sport,tendance,nouveau}","[{""user"": ""User42"", ""rating"": 1, ""comment"": ""Très bon produit!""}]","[{""answer"": ""Taille standard."", ""question"": ""Question sur la taille?""}]","[{""answer"": ""Lavage à 30°C"", ""question"": ""Comment laver?""}]","{""L"": ""42-44"", ""M"": ""40-42"", ""S"": ""38-40"", ""XL"": ""44-46"", ""XS"": ""36-38""}",sneakers,f,
92,Produit Test 43,Description détaillée du produit test 43,194.45,50,2,https://picsum.photos/400/600?random=43,Under Armour,"{https://picsum.photos/400/600?random=43,https://picsum.photos/400/600?random=44}","[{""size"": ""M"", ""color"": ""Noir"", ""stock"": 23}, {""size"": ""L"", ""color"": ""Blanc"", ""stock"": 15}]","{sport,tendance,nouveau}","[{""user"": ""User43"", ""rating"": 1, ""comment"": ""Très bon produit!""}]","[{""answer"": ""Taille standard."", ""question"": ""Question sur la taille?""}]","[{""answer"": ""Lavage à 30°C"", ""question"": ""Comment laver?""}]","{""L"": ""42-44"", ""M"": ""40-42"", ""S"": ""38-40"", ""XL"": ""44-46"", ""XS"": ""36-38""}",cpcompany,f,
93,Produit Test 44,Description détaillée du produit test 44,355.00,7,2,https://picsum.photos/400/600?random=44,Nike,"{https://picsum.photos/400/600?random=44,https://picsum.photos/400/600?random=45}","[{""size"": ""M"", ""color"": ""Noir"", ""stock"": 12}, {""size"": ""L"", ""color"": ""Blanc"", ""stock"": 2}]","{sport,tendance,nouveau}","[{""user"": ""User44"", ""rating"": 1, ""comment"": ""Très bon produit!""}]","[{""answer"": ""Taille standard."", ""question"": ""Question sur la taille?""}]","[{""answer"": ""Lavage à 30°C"", ""question"": ""Comment laver?""}]","{""L"": ""42-44"", ""M"": ""40-42"", ""S"": ""38-40"", ""XL"": ""44-46"", ""XS"": ""36-38""}",adult,f,
94,Produit Test 45,Description détaillée du produit test 45,782.09,56,2,https://picsum.photos/400/600?random=45,Adidas,"{https://picsum.photos/400/600?random=45,https://picsum.photos/400/600?random=46}","[{""size"": ""M"", ""color"": ""Noir"", ""stock"": 25}, {""size"": ""L"", ""color"": ""Blanc"", ""stock"": 10}]","{sport,tendance,nouveau}","[{""user"": ""User45"", ""rating"": 5, ""comment"": ""Très bon produit!""}]","[{""answer"": ""Taille standard."", ""question"": ""Question sur la taille?""}]","[{""answer"": ""Lavage à 30°C"", ""question"": ""Comment laver?""}]","{""L"": ""42-44"", ""M"": ""40-42"", ""S"": ""38-40"", ""XL"": ""44-46"", ""XS"": ""36-38""}",kids,f,
95,Produit Test 46,Description détaillée du produit test 46,702.52,55,2,https://picsum.photos/400/600?random=46,Puma,"{https://picsum.photos/400/600?random=46,https://picsum.photos/400/600?random=47}","[{""size"": ""M"", ""color"": ""Noir"", ""stock"": 49}, {""size"": ""L"", ""color"": ""Blanc"", ""stock"": 3}]","{sport,tendance,nouveau}","[{""user"": ""User46"", ""rating"": 1, ""comment"": ""Très bon produit!""}]","[{""answer"": ""Taille standard."", ""question"": ""Question sur la taille?""}]","[{""answer"": ""Lavage à 30°C"", ""question"": ""Comment laver?""}]","{""L"": ""42-44"", ""M"": ""40-42"", ""S"": ""38-40"", ""XL"": ""44-46"", ""XS"": ""36-38""}",sneakers,f,
96,Produit Test 47,Description détaillée du produit test 47,422.57,91,2,https://picsum.photos/400/600?random=47,Under Armour,"{https://picsum.photos/400/600?random=47,https://picsum.photos/400/600?random=48}","[{""size"": ""M"", ""color"": ""Noir"", ""stock"": 9}, {""size"": ""L"", ""color"": ""Blanc"", ""stock"": 44}]","{sport,tendance,nouveau}","[{""user"": ""User47"", ""rating"": 4, ""comment"": ""Très bon produit!""}]","[{""answer"": ""Taille standard."", ""question"": ""Question sur la taille?""}]","[{""answer"": ""Lavage à 30°C"", ""question"": ""Comment laver?""}]","{""L"": ""42-44"", ""M"": ""40-42"", ""S"": ""38-40"", ""XL"": ""44-46"", ""XS"": ""36-38""}",cpcompany,f,
97,Produit Test 48,Description détaillée du produit test 48,525.19,33,2,https://picsum.photos/400/600?random=48,Nike,"{https://picsum.photos/400/600?random=48,https://picsum.photos/400/600?random=49}","[{""size"": ""M"", ""color"": ""Noir"", ""stock"": 46}, {""size"": ""L"", ""color"": ""Blanc"", ""stock"": 49}]","{sport,tendance,nouveau}","[{""user"": ""User48"", ""rating"": 5, ""comment"": ""Très bon produit!""}]","[{""answer"": ""Taille standard."", ""question"": ""Question sur la taille?""}]","[{""answer"": ""Lavage à 30°C"", ""question"": ""Comment laver?""}]","{""L"": ""42-44"", ""M"": ""40-42"", ""S"": ""38-40"", ""XL"": ""44-46"", ""XS"": ""36-38""}",adult,f,
98,Produit Test 49,Description détaillée du produit test 49,846.96,95,2,https://picsum.photos/400/600?random=49,Adidas,"{https://picsum.photos/400/600?random=49,https://picsum.photos/400/600?random=50}","[{""size"": ""M"", ""color"": ""Noir"", ""stock"": 49}, {""size"": ""L"", ""color"": ""Blanc"", ""stock"": 14}]","{sport,tendance,nouveau}","[{""user"": ""User49"", ""rating"": 3, ""comment"": ""Très bon produit!""}]","[{""answer"": ""Taille standard."", ""question"": ""Question sur la taille?""}]","[{""answer"": ""Lavage à 30°C"", ""question"": ""Comment laver?""}]","{""L"": ""42-44"", ""M"": ""40-42"", ""S"": ""38-40"", ""XL"": ""44-46"", ""XS"": ""36-38""}",kids,f,
99,Produit Test 50,Description détaillée du produit test 50,525.47,80,2,https://picsum.photos/400/600?random=50,Puma,"{https://picsum.photos/400/600?random=50,https://picsum.photos/400/600?random=51}","[{""size"": ""M"", ""color"": ""Noir"", ""stock"": 16}, {""size"": ""L"", ""color"": ""Blanc"", ""stock"": 24}]","{sport,tendance,nouveau}","[{""user"": ""User50"", ""rating"": 5, ""comment"": ""Très bon produit!""}]","[{""answer"": ""Taille standard."", ""question"": ""Question sur la taille?""}]","[{""answer"": ""Lavage à 30°C"", ""question"": ""Comment laver?""}]","{""L"": ""42-44"", ""M"": ""40-42"", ""S"": ""38-40"", ""XL"": ""44-46"", ""XS"": ""36-38""}",sneakers,f,
100,Produit Test 51,Description détaillée du produit test 51,413.93,81,2,https://picsum.photos/400/600?random=51,Under Armour,"{https://picsum.photos/400/600?random=51,https://picsum.photos/400/600?random=52}","[{""size"": ""M"", ""color"": ""Noir"", ""stock"": 27}, {""size"": ""L"", ""color"": ""Blanc"", ""stock"": 5}]","{sport,tendance,nouveau}","[{""user"": ""User51"", ""rating"": 4, ""comment"": ""Très bon produit!""}]","[{""answer"": ""Taille standard."", ""question"": ""Question sur la taille?""}]","[{""answer"": ""Lavage à 30°C"", ""question"": ""Comment laver?""}]","{""L"": ""42-44"", ""M"": ""40-42"", ""S"": ""38-40"", ""XL"": ""44-46"", ""XS"": ""36-38""}",cpcompany,f,
101,Produit Test 52,Description détaillée du produit test 52,98.73,79,2,https://picsum.photos/400/600?random=52,Nike,"{https://picsum.photos/400/600?random=52,https://picsum.photos/400/600?random=53}","[{""size"": ""M"", ""color"": ""Noir"", ""stock"": 16}, {""size"": ""L"", ""color"": ""Blanc"", ""stock"": 31}]","{sport,tendance,nouveau}","[{""user"": ""User52"", ""rating"": 5, ""comment"": ""Très bon produit!""}]","[{""answer"": ""Taille standard."", ""question"": ""Question sur la taille?""}]","[{""answer"": ""Lavage à 30°C"", ""question"": ""Comment laver?""}]","{""L"": ""42-44"", ""M"": ""40-42"", ""S"": ""38-40"", ""XL"": ""44-46"", ""XS"": ""36-38""}",adult,f,
102,Produit Test 53,Description détaillée du produit test 53,661.11,58,2,https://picsum.photos/400/600?random=53,Adidas,"{https://picsum.photos/400/600?random=53,https://picsum.photos/400/600?random=54}","[{""size"": ""M"", ""color"": ""Noir"", ""stock"": 8}, {""size"": ""L"", ""color"": ""Blanc"", ""stock"": 39}]","{sport,tendance,nouveau}","[{""user"": ""User53"", ""rating"": 5, ""comment"": ""Très bon produit!""}]","[{""answer"": ""Taille standard."", ""question"": ""Question sur la taille?""}]","[{""answer"": ""Lavage à 30°C"", ""question"": ""Comment laver?""}]","{""L"": ""42-44"", ""M"": ""40-42"", ""S"": ""38-40"", ""XL"": ""44-46"", ""XS"": ""36-38""}",kids,f,
103,Produit Test 54,Description détaillée du produit test 54,598.15,61,2,https://picsum.photos/400/600?random=54,Puma,"{https://picsum.photos/400/600?random=54,https://picsum.photos/400/600?random=55}","[{""size"": ""M"", ""color"": ""Noir"", ""stock"": 47}, {""size"": ""L"", ""color"": ""Blanc"", ""stock"": 18}]","{sport,tendance,nouveau}","[{""user"": ""User54"", ""rating"": 3, ""comment"": ""Très bon produit!""}]","[{""answer"": ""Taille standard."", ""question"": ""Question sur la taille?""}]","[{""answer"": ""Lavage à 30°C"", ""question"": ""Comment laver?""}]","{""L"": ""42-44"", ""M"": ""40-42"", ""S"": ""38-40"", ""XL"": ""44-46"", ""XS"": ""36-38""}",sneakers,f,
104,Produit Test 55,Description détaillée du produit test 55,324.41,81,2,https://picsum.photos/400/600?random=55,Under Armour,"{https://picsum.photos/400/600?random=55,https://picsum.photos/400/600?random=56}","[{""size"": ""M"", ""color"": ""Noir"", ""stock"": 4}, {""size"": ""L"", ""color"": ""Blanc"", ""stock"": 21}]","{sport,tendance,nouveau}","[{""user"": ""User55"", ""rating"": 5, ""comment"": ""Très bon produit!""}]","[{""answer"": ""Taille standard."", ""question"": ""Question sur la taille?""}]","[{""answer"": ""Lavage à 30°C"", ""question"": ""Comment laver?""}]","{""L"": ""42-44"", ""M"": ""40-42"", ""S"": ""38-40"", ""XL"": ""44-46"", ""XS"": ""36-38""}",cpcompany,f,
105,Produit Test 56,Description détaillée du produit test 56,747.67,25,2,https://picsum.photos/400/600?random=56,Nike,"{https://picsum.photos/400/600?random=56,https://picsum.photos/400/600?random=57}","[{""size"": ""M"", ""color"": ""Noir"", ""stock"": 31}, {""size"": ""L"", ""color"": ""Blanc"", ""stock"": 43}]","{sport,tendance,nouveau}","[{""user"": ""User56"", ""rating"": 3, ""comment"": ""Très bon produit!""}]","[{""answer"": ""Taille standard."", ""question"": ""Question sur la taille?""}]","[{""answer"": ""Lavage à 30°C"", ""question"": ""Comment laver?""}]","{""L"": ""42-44"", ""M"": ""40-42"", ""S"": ""38-40"", ""XL"": ""44-46"", ""XS"": ""36-38""}",adult,f,
106,Produit Test 57,Description détaillée du produit test 57,540.16,83,2,https://picsum.photos/400/600?random=57,Adidas,"{https://picsum.photos/400/600?random=57,https://picsum.photos/400/600?random=58}","[{""size"": ""M"", ""color"": ""Noir"", ""stock"": 23}, {""size"": ""L"", ""color"": ""Blanc"", ""stock"": 29}]","{sport,tendance,nouveau}","[{""user"": ""User57"", ""rating"": 4, ""comment"": ""Très bon produit!""}]","[{""answer"": ""Taille standard."", ""question"": ""Question sur la taille?""}]","[{""answer"": ""Lavage à 30°C"", ""question"": ""Comment laver?""}]","{""L"": ""42-44"", ""M"": ""40-42"", ""S"": ""38-40"", ""XL"": ""44-46"", ""XS"": ""36-38""}",kids,f,
107,Produit Test 58,Description détaillée du produit test 58,400.31,65,2,https://picsum.photos/400/600?random=58,Puma,"{https://picsum.photos/400/600?random=58,https://picsum.photos/400/600?random=59}","[{""size"": ""M"", ""color"": ""Noir"", ""stock"": 20}, {""size"": ""L"", ""color"": ""Blanc"", ""stock"": 46}]","{sport,tendance,nouveau}","[{""user"": ""User58"", ""rating"": 3, ""comment"": ""Très bon produit!""}]","[{""answer"": ""Taille standard."", ""question"": ""Question sur la taille?""}]","[{""answer"": ""Lavage à 30°C"", ""question"": ""Comment laver?""}]","{""L"": ""42-44"", ""M"": ""40-42"", ""S"": ""38-40"", ""XL"": ""44-46"", ""XS"": ""36-38""}",sneakers,f,
108,Produit Test 59,Description détaillée du produit test 59,862.47,81,2,https://picsum.photos/400/600?random=59,Under Armour,"{https://picsum.photos/400/600?random=59,https://picsum.photos/400/600?random=60}","[{""size"": ""M"", ""color"": ""Noir"", ""stock"": 36}, {""size"": ""L"", ""color"": ""Blanc"", ""stock"": 37}]","{sport,tendance,nouveau}","[{""user"": ""User59"", ""rating"": 3, ""comment"": ""Très bon produit!""}]","[{""answer"": ""Taille standard."", ""question"": ""Question sur la taille?""}]","[{""answer"": ""Lavage à 30°C"", ""question"": ""Comment laver?""}]","{""L"": ""42-44"", ""M"": ""40-42"", ""S"": ""38-40"", ""XL"": ""44-46"", ""XS"": ""36-38""}",cpcompany,f,
109,Produit Test 60,Description détaillée du produit test 60,848.48,86,2,https://picsum.photos/400/600?random=60,Nike,"{https://picsum.photos/400/600?random=60,https://picsum.photos/400/600?random=61}","[{""size"": ""M"", ""color"": ""Noir"", ""stock"": 37}, {""size"": ""L"", ""color"": ""Blanc"", ""stock"": 44}]","{sport,tendance,nouveau}","[{""user"": ""User60"", ""rating"": 3, ""comment"": ""Très bon produit!""}]","[{""answer"": ""Taille standard."", ""question"": ""Question sur la taille?""}]","[{""answer"": ""Lavage à 30°C"", ""question"": ""Comment laver?""}]","{""L"": ""42-44"", ""M"": ""40-42"", ""S"": ""38-40"", ""XL"": ""44-46"", ""XS"": ""36-38""}",adult,f,
110,Produit Test 61,Description détaillée du produit test 61,81.48,35,2,https://picsum.photos/400/600?random=61,Adidas,"{https://picsum.photos/400/600?random=61,https://picsum.photos/400/600?random=62}","[{""size"": ""M"", ""color"": ""Noir"", ""stock"": 10}, {""size"": ""L"", ""color"": ""Blanc"", ""stock"": 48}]","{sport,tendance,nouveau}","[{""user"": ""User61"", ""rating"": 5, ""comment"": ""Très bon produit!""}]","[{""answer"": ""Taille standard."", ""question"": ""Question sur la taille?""}]","[{""answer"": ""Lavage à 30°C"", ""question"": ""Comment laver?""}]","{""L"": ""42-44"", ""M"": ""40-42"", ""S"": ""38-40"", ""XL"": ""44-46"", ""XS"": ""36-38""}",kids,f,
111,Produit Test 62,Description détaillée du produit test 62,637.43,92,2,https://picsum.photos/400/600?random=62,Puma,"{https://picsum.photos/400/600?random=62,https://picsum.photos/400/600?random=63}","[{""size"": ""M"", ""color"": ""Noir"", ""stock"": 31}, {""size"": ""L"", ""color"": ""Blanc"", ""stock"": 8}]","{sport,tendance,nouveau}","[{""user"": ""User62"", ""rating"": 2, ""comment"": ""Très bon produit!""}]","[{""answer"": ""Taille standard."", ""question"": ""Question sur la taille?""}]","[{""answer"": ""Lavage à 30°C"", ""question"": ""Comment laver?""}]","{""L"": ""42-44"", ""M"": ""40-42"", ""S"": ""38-40"", ""XL"": ""44-46"", ""XS"": ""36-38""}",sneakers,f,
112,Produit Test 63,Description détaillée du produit test 63,206.80,80,2,https://picsum.photos/400/600?random=63,Under Armour,"{https://picsum.photos/400/600?random=63,https://picsum.photos/400/600?random=64}","[{""size"": ""M"", ""color"": ""Noir"", ""stock"": 4}, {""size"": ""L"", ""color"": ""Blanc"", ""stock"": 44}]","{sport,tendance,nouveau}","[{""user"": ""User63"", ""rating"": 3, ""comment"": ""Très bon produit!""}]","[{""answer"": ""Taille standard."", ""question"": ""Question sur la taille?""}]","[{""answer"": ""Lavage à 30°C"", ""question"": ""Comment laver?""}]","{""L"": ""42-44"", ""M"": ""40-42"", ""S"": ""38-40"", ""XL"": ""44-46"", ""XS"": ""36-38""}",cpcompany,f,
113,Produit Test 64,Description détaillée du produit test 64,102.27,44,2,https://picsum.photos/400/600?random=64,Nike,"{https://picsum.photos/400/600?random=64,https://picsum.photos/400/600?random=65}","[{""size"": ""M"", ""color"": ""Noir"", ""stock"": 29}, {""size"": ""L"", ""color"": ""Blanc"", ""stock"": 9}]","{sport,tendance,nouveau}","[{""user"": ""User64"", ""rating"": 5, ""comment"": ""Très bon produit!""}]","[{""answer"": ""Taille standard."", ""question"": ""Question sur la taille?""}]","[{""answer"": ""Lavage à 30°C"", ""question"": ""Comment laver?""}]","{""L"": ""42-44"", ""M"": ""40-42"", ""S"": ""38-40"", ""XL"": ""44-46"", ""XS"": ""36-38""}",adult,f,
114,Produit Test 65,Description détaillée du produit test 65,914.62,36,2,https://picsum.photos/400/600?random=65,Adidas,"{https://picsum.photos/400/600?random=65,https://picsum.photos/400/600?random=66}","[{""size"": ""M"", ""color"": ""Noir"", ""stock"": 46}, {""size"": ""L"", ""color"": ""Blanc"", ""stock"": 41}]","{sport,tendance,nouveau}","[{""user"": ""User65"", ""rating"": 2, ""comment"": ""Très bon produit!""}]","[{""answer"": ""Taille standard."", ""question"": ""Question sur la taille?""}]","[{""answer"": ""Lavage à 30°C"", ""question"": ""Comment laver?""}]","{""L"": ""42-44"", ""M"": ""40-42"", ""S"": ""38-40"", ""XL"": ""44-46"", ""XS"": ""36-38""}",kids,f,
115,Produit Test 66,Description détaillée du produit test 66,974.60,0,2,https://picsum.photos/400/600?random=66,Puma,"{https://picsum.photos/400/600?random=66,https://picsum.photos/400/600?random=67}","[{""size"": ""M"", ""color"": ""Noir"", ""stock"": 37}, {""size"": ""L"", ""color"": ""Blanc"", ""stock"": 49}]","{sport,tendance,nouveau}","[{""user"": ""User66"", ""rating"": 4, ""comment"": ""Très bon produit!""}]","[{""answer"": ""Taille standard."", ""question"": ""Question sur la taille?""}]","[{""answer"": ""Lavage à 30°C"", ""question"": ""Comment laver?""}]","{""L"": ""42-44"", ""M"": ""40-42"", ""S"": ""38-40"", ""XL"": ""44-46"", ""XS"": ""36-38""}",sneakers,f,
116,Produit Test 67,Description détaillée du produit test 67,763.50,43,2,https://picsum.photos/400/600?random=67,Under Armour,"{https://picsum.photos/400/600?random=67,https://picsum.photos/400/600?random=68}","[{""size"": ""M"", ""color"": ""Noir"", ""stock"": 5}, {""size"": ""L"", ""color"": ""Blanc"", ""stock"": 27}]","{sport,tendance,nouveau}","[{""user"": ""User67"", ""rating"": 1, ""comment"": ""Très bon produit!""}]","[{""answer"": ""Taille standard."", ""question"": ""Question sur la taille?""}]","[{""answer"": ""Lavage à 30°C"", ""question"": ""Comment laver?""}]","{""L"": ""42-44"", ""M"": ""40-42"", ""S"": ""38-40"", ""XL"": ""44-46"", ""XS"": ""36-38""}",cpcompany,f,
117,Produit Test 68,Description détaillée du produit test 68,520.44,69,2,https://picsum.photos/400/600?random=68,Nike,"{https://picsum.photos/400/600?random=68,https://picsum.photos/400/600?random=69}","[{""size"": ""M"", ""color"": ""Noir"", ""stock"": 33}, {""size"": ""L"", ""color"": ""Blanc"", ""stock"": 34}]","{sport,tendance,nouveau}","[{""user"": ""User68"", ""rating"": 1, ""comment"": ""Très bon produit!""}]","[{""answer"": ""Taille standard."", ""question"": ""Question sur la taille?""}]","[{""answer"": ""Lavage à 30°C"", ""question"": ""Comment laver?""}]","{""L"": ""42-44"", ""M"": ""40-42"", ""S"": ""38-40"", ""XL"": ""44-46"", ""XS"": ""36-38""}",adult,f,
118,Produit Test 69,Description détaillée du produit test 69,959.63,58,2,https://picsum.photos/400/600?random=69,Adidas,"{https://picsum.photos/400/600?random=69,https://picsum.photos/400/600?random=70}","[{""size"": ""M"", ""color"": ""Noir"", ""stock"": 1}, {""size"": ""L"", ""color"": ""Blanc"", ""stock"": 14}]","{sport,tendance,nouveau}","[{""user"": ""User69"", ""rating"": 5, ""comment"": ""Très bon produit!""}]","[{""answer"": ""Taille standard."", ""question"": ""Question sur la taille?""}]","[{""answer"": ""Lavage à 30°C"", ""question"": ""Comment laver?""}]","{""L"": ""42-44"", ""M"": ""40-42"", ""S"": ""38-40"", ""XL"": ""44-46"", ""XS"": ""36-38""}",kids,f,
119,Produit Test 70,Description détaillée du produit test 70,378.05,32,2,https://picsum.photos/400/600?random=70,Puma,"{https://picsum.photos/400/600?random=70,https://picsum.photos/400/600?random=71}","[{""size"": ""M"", ""color"": ""Noir"", ""stock"": 30}, {""size"": ""L"", ""color"": ""Blanc"", ""stock"": 29}]","{sport,tendance,nouveau}","[{""user"": ""User70"", ""rating"": 5, ""comment"": ""Très bon produit!""}]","[{""answer"": ""Taille standard."", ""question"": ""Question sur la taille?""}]","[{""answer"": ""Lavage à 30°C"", ""question"": ""Comment laver?""}]","{""L"": ""42-44"", ""M"": ""40-42"", ""S"": ""38-40"", ""XL"": ""44-46"", ""XS"": ""36-38""}",sneakers,f,
120,Produit Test 71,Description détaillée du produit test 71,978.44,31,2,https://picsum.photos/400/600?random=71,Under Armour,"{https://picsum.photos/400/600?random=71,https://picsum.photos/400/600?random=72}","[{""size"": ""M"", ""color"": ""Noir"", ""stock"": 32}, {""size"": ""L"", ""color"": ""Blanc"", ""stock"": 11}]","{sport,tendance,nouveau}","[{""user"": ""User71"", ""rating"": 2, ""comment"": ""Très bon produit!""}]","[{""answer"": ""Taille standard."", ""question"": ""Question sur la taille?""}]","[{""answer"": ""Lavage à 30°C"", ""question"": ""Comment laver?""}]","{""L"": ""42-44"", ""M"": ""40-42"", ""S"": ""38-40"", ""XL"": ""44-46"", ""XS"": ""36-38""}",cpcompany,f,
121,Produit Test 72,Description détaillée du produit test 72,881.11,32,2,https://picsum.photos/400/600?random=72,Nike,"{https://picsum.photos/400/600?random=72,https://picsum.photos/400/600?random=73}","[{""size"": ""M"", ""color"": ""Noir"", ""stock"": 42}, {""size"": ""L"", ""color"": ""Blanc"", ""stock"": 22}]","{sport,tendance,nouveau}","[{""user"": ""User72"", ""rating"": 4, ""comment"": ""Très bon produit!""}]","[{""answer"": ""Taille standard."", ""question"": ""Question sur la taille?""}]","[{""answer"": ""Lavage à 30°C"", ""question"": ""Comment laver?""}]","{""L"": ""42-44"", ""M"": ""40-42"", ""S"": ""38-40"", ""XL"": ""44-46"", ""XS"": ""36-38""}",adult,f,
122,Produit Test 73,Description détaillée du produit test 73,881.35,2,2,https://picsum.photos/400/600?random=73,Adidas,"{https://picsum.photos/400/600?random=73,https://picsum.photos/400/600?random=74}","[{""size"": ""M"", ""color"": ""Noir"", ""stock"": 10}, {""size"": ""L"", ""color"": ""Blanc"", ""stock"": 35}]","{sport,tendance,nouveau}","[{""user"": ""User73"", ""rating"": 5, ""comment"": ""Très bon produit!""}]","[{""answer"": ""Taille standard."", ""question"": ""Question sur la taille?""}]","[{""answer"": ""Lavage à 30°C"", ""question"": ""Comment laver?""}]","{""L"": ""42-44"", ""M"": ""40-42"", ""S"": ""38-40"", ""XL"": ""44-46"", ""XS"": ""36-38""}",kids,f,
123,Produit Test 74,Description détaillée du produit test 74,286.39,38,2,https://picsum.photos/400/600?random=74,Puma,"{https://picsum.photos/400/600?random=74,https://picsum.photos/400/600?random=75}","[{""size"": ""M"", ""color"": ""Noir"", ""stock"": 8}, {""size"": ""L"", ""color"": ""Blanc"", ""stock"": 38}]","{sport,tendance,nouveau}","[{""user"": ""User74"", ""rating"": 4, ""comment"": ""Très bon produit!""}]","[{""answer"": ""Taille standard."", ""question"": ""Question sur la taille?""}]","[{""answer"": ""Lavage à 30°C"", ""question"": ""Comment laver?""}]","{""L"": ""42-44"", ""M"": ""40-42"", ""S"": ""38-40"", ""XL"": ""44-46"", ""XS"": ""36-38""}",sneakers,f,
124,Produit Test 75,Description détaillée du produit test 75,226.10,80,2,https://picsum.photos/400/600?random=75,Under Armour,"{https://picsum.photos/400/600?random=75,https://picsum.photos/400/600?random=76}","[{""size"": ""M"", ""color"": ""Noir"", ""stock"": 45}, {""size"": ""L"", ""color"": ""Blanc"", ""stock"": 30}]","{sport,tendance,nouveau}","[{""user"": ""User75"", ""rating"": 2, ""comment"": ""Très bon produit!""}]","[{""answer"": ""Taille standard."", ""question"": ""Question sur la taille?""}]","[{""answer"": ""Lavage à 30°C"", ""question"": ""Comment laver?""}]","{""L"": ""42-44"", ""M"": ""40-42"", ""S"": ""38-40"", ""XL"": ""44-46"", ""XS"": ""36-38""}",cpcompany,f,
125,Produit Test 76,Description détaillée du produit test 76,148.65,2,2,https://picsum.photos/400/600?random=76,Nike,"{https://picsum.photos/400/600?random=76,https://picsum.photos/400/600?random=77}","[{""size"": ""M"", ""color"": ""Noir"", ""stock"": 20}, {""size"": ""L"", ""color"": ""Blanc"", ""stock"": 25}]","{sport,tendance,nouveau}","[{""user"": ""User76"", ""rating"": 5, ""comment"": ""Très bon produit!""}]","[{""answer"": ""Taille standard."", ""question"": ""Question sur la taille?""}]","[{""answer"": ""Lavage à 30°C"", ""question"": ""Comment laver?""}]","{""L"": ""42-44"", ""M"": ""40-42"", ""S"": ""38-40"", ""XL"": ""44-46"", ""XS"": ""36-38""}",adult,f,
126,Produit Test 77,Description détaillée du produit test 77,263.15,20,2,https://picsum.photos/400/600?random=77,Adidas,"{https://picsum.photos/400/600?random=77,https://picsum.photos/400/600?random=78}","[{""size"": ""M"", ""color"": ""Noir"", ""stock"": 20}, {""size"": ""L"", ""color"": ""Blanc"", ""stock"": 5}]","{sport,tendance,nouveau}","[{""user"": ""User77"", ""rating"": 3, ""comment"": ""Très bon produit!""}]","[{""answer"": ""Taille standard."", ""question"": ""Question sur la taille?""}]","[{""answer"": ""Lavage à 30°C"", ""question"": ""Comment laver?""}]","{""L"": ""42-44"", ""M"": ""40-42"", ""S"": ""38-40"", ""XL"": ""44-46"", ""XS"": ""36-38""}",kids,f,
127,Produit Test 78,Description détaillée du produit test 78,923.71,50,2,https://picsum.photos/400/600?random=78,Puma,"{https://picsum.photos/400/600?random=78,https://picsum.photos/400/600?random=79}","[{""size"": ""M"", ""color"": ""Noir"", ""stock"": 8}, {""size"": ""L"", ""color"": ""Blanc"", ""stock"": 47}]","{sport,tendance,nouveau}","[{""user"": ""User78"", ""rating"": 5, ""comment"": ""Très bon produit!""}]","[{""answer"": ""Taille standard."", ""question"": ""Question sur la taille?""}]","[{""answer"": ""Lavage à 30°C"", ""question"": ""Comment laver?""}]","{""L"": ""42-44"", ""M"": ""40-42"", ""S"": ""38-40"", ""XL"": ""44-46"", ""XS"": ""36-38""}",sneakers,f,
128,Produit Test 79,Description détaillée du produit test 79,237.29,1,2,https://picsum.photos/400/600?random=79,Under Armour,"{https://picsum.photos/400/600?random=79,https://picsum.photos/400/600?random=80}","[{""size"": ""M"", ""color"": ""Noir"", ""stock"": 6}, {""size"": ""L"", ""color"": ""Blanc"", ""stock"": 35}]","{sport,tendance,nouveau}","[{""user"": ""User79"", ""rating"": 2, ""comment"": ""Très bon produit!""}]","[{""answer"": ""Taille standard."", ""question"": ""Question sur la taille?""}]","[{""answer"": ""Lavage à 30°C"", ""question"": ""Comment laver?""}]","{""L"": ""42-44"", ""M"": ""40-42"", ""S"": ""38-40"", ""XL"": ""44-46"", ""XS"": ""36-38""}",cpcompany,f,
129,Produit Test 80,Description détaillée du produit test 80,243.01,88,2,https://picsum.photos/400/600?random=80,Nike,"{https://picsum.photos/400/600?random=80,https://picsum.photos/400/600?random=81}","[{""size"": ""M"", ""color"": ""Noir"", ""stock"": 12}, {""size"": ""L"", ""color"": ""Blanc"", ""stock"": 48}]","{sport,tendance,nouveau}","[{""user"": ""User80"", ""rating"": 2, ""comment"": ""Très bon produit!""}]","[{""answer"": ""Taille standard."", ""question"": ""Question sur la taille?""}]","[{""answer"": ""Lavage à 30°C"", ""question"": ""Comment laver?""}]","{""L"": ""42-44"", ""M"": ""40-42"", ""S"": ""38-40"", ""XL"": ""44-46"", ""XS"": ""36-38""}",adult,f,
130,Produit Test 81,Description détaillée du produit test 81,825.18,96,2,https://picsum.photos/400/600?random=81,Adidas,"{https://picsum.photos/400/600?random=81,https://picsum.photos/400/600?random=82}","[{""size"": ""M"", ""color"": ""Noir"", ""stock"": 1}, {""size"": ""L"", ""color"": ""Blanc"", ""stock"": 32}]","{sport,tendance,nouveau}","[{""user"": ""User81"", ""rating"": 5, ""comment"": ""Très bon produit!""}]","[{""answer"": ""Taille standard."", ""question"": ""Question sur la taille?""}]","[{""answer"": ""Lavage à 30°C"", ""question"": ""Comment laver?""}]","{""L"": ""42-44"", ""M"": ""40-42"", ""S"": ""38-40"", ""XL"": ""44-46"", ""XS"": ""36-38""}",kids,f,
131,Produit Test 82,Description détaillée du produit test 82,879.01,4,2,https://picsum.photos/400/600?random=82,Puma,"{https://picsum.photos/400/600?random=82,https://picsum.photos/400/600?random=83}","[{""size"": ""M"", ""color"": ""Noir"", ""stock"": 39}, {""size"": ""L"", ""color"": ""Blanc"", ""stock"": 12}]","{sport,tendance,nouveau}","[{""user"": ""User82"", ""rating"": 1, ""comment"": ""Très bon produit!""}]","[{""answer"": ""Taille standard."", ""question"": ""Question sur la taille?""}]","[{""answer"": ""Lavage à 30°C"", ""question"": ""Comment laver?""}]","{""L"": ""42-44"", ""M"": ""40-42"", ""S"": ""38-40"", ""XL"": ""44-46"", ""XS"": ""36-38""}",sneakers,f,
132,Produit Test 83,Description détaillée du produit test 83,426.16,38,2,https://picsum.photos/400/600?random=83,Under Armour,"{https://picsum.photos/400/600?random=83,https://picsum.photos/400/600?random=84}","[{""size"": ""M"", ""color"": ""Noir"", ""stock"": 17}, {""size"": ""L"", ""color"": ""Blanc"", ""stock"": 39}]","{sport,tendance,nouveau}","[{""user"": ""User83"", ""rating"": 1, ""comment"": ""Très bon produit!""}]","[{""answer"": ""Taille standard."", ""question"": ""Question sur la taille?""}]","[{""answer"": ""Lavage à 30°C"", ""question"": ""Comment laver?""}]","{""L"": ""42-44"", ""M"": ""40-42"", ""S"": ""38-40"", ""XL"": ""44-46"", ""XS"": ""36-38""}",cpcompany,f,
133,Produit Test 84,Description détaillée du produit test 84,486.03,45,2,https://picsum.photos/400/600?random=84,Nike,"{https://picsum.photos/400/600?random=84,https://picsum.photos/400/600?random=85}","[{""size"": ""M"", ""color"": ""Noir"", ""stock"": 21}, {""size"": ""L"", ""color"": ""Blanc"", ""stock"": 2}]","{sport,tendance,nouveau}","[{""user"": ""User84"", ""rating"": 1, ""comment"": ""Très bon produit!""}]","[{""answer"": ""Taille standard."", ""question"": ""Question sur la taille?""}]","[{""answer"": ""Lavage à 30°C"", ""question"": ""Comment laver?""}]","{""L"": ""42-44"", ""M"": ""40-42"", ""S"": ""38-40"", ""XL"": ""44-46"", ""XS"": ""36-38""}",adult,f,
134,Produit Test 85,Description détaillée du produit test 85,323.27,9,2,https://picsum.photos/400/600?random=85,Adidas,"{https://picsum.photos/400/600?random=85,https://picsum.photos/400/600?random=86}","[{""size"": ""M"", ""color"": ""Noir"", ""stock"": 31}, {""size"": ""L"", ""color"": ""Blanc"", ""stock"": 32}]","{sport,tendance,nouveau}","[{""user"": ""User85"", ""rating"": 2, ""comment"": ""Très bon produit!""}]","[{""answer"": ""Taille standard."", ""question"": ""Question sur la taille?""}]","[{""answer"": ""Lavage à 30°C"", ""question"": ""Comment laver?""}]","{""L"": ""42-44"", ""M"": ""40-42"", ""S"": ""38-40"", ""XL"": ""44-46"", ""XS"": ""36-38""}",kids,f,
135,Produit Test 86,Description détaillée du produit test 86,602.46,22,2,https://picsum.photos/400/600?random=86,Puma,"{https://picsum.photos/400/600?random=86,https://picsum.photos/400/600?random=87}","[{""size"": ""M"", ""color"": ""Noir"", ""stock"": 10}, {""size"": ""L"", ""color"": ""Blanc"", ""stock"": 22}]","{sport,tendance,nouveau}","[{""user"": ""User86"", ""rating"": 1, ""comment"": ""Très bon produit!""}]","[{""answer"": ""Taille standard."", ""question"": ""Question sur la taille?""}]","[{""answer"": ""Lavage à 30°C"", ""question"": ""Comment laver?""}]","{""L"": ""42-44"", ""M"": ""40-42"", ""S"": ""38-40"", ""XL"": ""44-46"", ""XS"": ""36-38""}",sneakers,f,
136,Produit Test 87,Description détaillée du produit test 87,694.99,33,2,https://picsum.photos/400/600?random=87,Under Armour,"{https://picsum.photos/400/600?random=87,https://picsum.photos/400/600?random=88}","[{""size"": ""M"", ""color"": ""Noir"", ""stock"": 5}, {""size"": ""L"", ""color"": ""Blanc"", ""stock"": 12}]","{sport,tendance,nouveau}","[{""user"": ""User87"", ""rating"": 3, ""comment"": ""Très bon produit!""}]","[{""answer"": ""Taille standard."", ""question"": ""Question sur la taille?""}]","[{""answer"": ""Lavage à 30°C"", ""question"": ""Comment laver?""}]","{""L"": ""42-44"", ""M"": ""40-42"", ""S"": ""38-40"", ""XL"": ""44-46"", ""XS"": ""36-38""}",cpcompany,f,
137,Produit Test 88,Description détaillée du produit test 88,838.65,56,2,https://picsum.photos/400/600?random=88,Nike,"{https://picsum.photos/400/600?random=88,https://picsum.photos/400/600?random=89}","[{""size"": ""M"", ""color"": ""Noir"", ""stock"": 31}, {""size"": ""L"", ""color"": ""Blanc"", ""stock"": 1}]","{sport,tendance,nouveau}","[{""user"": ""User88"", ""rating"": 5, ""comment"": ""Très bon produit!""}]","[{""answer"": ""Taille standard."", ""question"": ""Question sur la taille?""}]","[{""answer"": ""Lavage à 30°C"", ""question"": ""Comment laver?""}]","{""L"": ""42-44"", ""M"": ""40-42"", ""S"": ""38-40"", ""XL"": ""44-46"", ""XS"": ""36-38""}",adult,f,
138,Produit Test 89,Description détaillée du produit test 89,195.56,16,2,https://picsum.photos/400/600?random=89,Adidas,"{https://picsum.photos/400/600?random=89,https://picsum.photos/400/600?random=90}","[{""size"": ""M"", ""color"": ""Noir"", ""stock"": 32}, {""size"": ""L"", ""color"": ""Blanc"", ""stock"": 47}]","{sport,tendance,nouveau}","[{""user"": ""User89"", ""rating"": 1, ""comment"": ""Très bon produit!""}]","[{""answer"": ""Taille standard."", ""question"": ""Question sur la taille?""}]","[{""answer"": ""Lavage à 30°C"", ""question"": ""Comment laver?""}]","{""L"": ""42-44"", ""M"": ""40-42"", ""S"": ""38-40"", ""XL"": ""44-46"", ""XS"": ""36-38""}",kids,f,
139,Produit Test 90,Description détaillée du produit test 90,51.61,90,2,https://picsum.photos/400/600?random=90,Puma,"{https://picsum.photos/400/600?random=90,https://picsum.photos/400/600?random=91}","[{""size"": ""M"", ""color"": ""Noir"", ""stock"": 16}, {""size"": ""L"", ""color"": ""Blanc"", ""stock"": 37}]","{sport,tendance,nouveau}","[{""user"": ""User90"", ""rating"": 3, ""comment"": ""Très bon produit!""}]","[{""answer"": ""Taille standard."", ""question"": ""Question sur la taille?""}]","[{""answer"": ""Lavage à 30°C"", ""question"": ""Comment laver?""}]","{""L"": ""42-44"", ""M"": ""40-42"", ""S"": ""38-40"", ""XL"": ""44-46"", ""XS"": ""36-38""}",sneakers,f,
140,Produit Test 91,Description détaillée du produit test 91,184.47,94,2,https://picsum.photos/400/600?random=91,Under Armour,"{https://picsum.photos/400/600?random=91,https://picsum.photos/400/600?random=92}","[{""size"": ""M"", ""color"": ""Noir"", ""stock"": 6}, {""size"": ""L"", ""color"": ""Blanc"", ""stock"": 36}]","{sport,tendance,nouveau}","[{""user"": ""User91"", ""rating"": 3, ""comment"": ""Très bon produit!""}]","[{""answer"": ""Taille standard."", ""question"": ""Question sur la taille?""}]","[{""answer"": ""Lavage à 30°C"", ""question"": ""Comment laver?""}]","{""L"": ""42-44"", ""M"": ""40-42"", ""S"": ""38-40"", ""XL"": ""44-46"", ""XS"": ""36-38""}",cpcompany,f,
141,Produit Test 92,Description détaillée du produit test 92,925.28,83,2,https://picsum.photos/400/600?random=92,Nike,"{https://picsum.photos/400/600?random=92,https://picsum.photos/400/600?random=93}","[{""size"": ""M"", ""color"": ""Noir"", ""stock"": 0}, {""size"": ""L"", ""color"": ""Blanc"", ""stock"": 49}]","{sport,tendance,nouveau}","[{""user"": ""User92"", ""rating"": 5, ""comment"": ""Très bon produit!""}]","[{""answer"": ""Taille standard."", ""question"": ""Question sur la taille?""}]","[{""answer"": ""Lavage à 30°C"", ""question"": ""Comment laver?""}]","{""L"": ""42-44"", ""M"": ""40-42"", ""S"": ""38-40"", ""XL"": ""44-46"", ""XS"": ""36-38""}",adult,f,
142,Produit Test 93,Description détaillée du produit test 93,683.98,14,2,https://picsum.photos/400/600?random=93,Adidas,"{https://picsum.photos/400/600?random=93,https://picsum.photos/400/600?random=94}","[{""size"": ""M"", ""color"": ""Noir"", ""stock"": 30}, {""size"": ""L"", ""color"": ""Blanc"", ""stock"": 1}]","{sport,tendance,nouveau}","[{""user"": ""User93"", ""rating"": 3, ""comment"": ""Très bon produit!""}]","[{""answer"": ""Taille standard."", ""question"": ""Question sur la taille?""}]","[{""answer"": ""Lavage à 30°C"", ""question"": ""Comment laver?""}]","{""L"": ""42-44"", ""M"": ""40-42"", ""S"": ""38-40"", ""XL"": ""44-46"", ""XS"": ""36-38""}",kids,f,
143,Produit Test 94,Description détaillée du produit test 94,750.04,39,2,https://picsum.photos/400/600?random=94,Puma,"{https://picsum.photos/400/600?random=94,https://picsum.photos/400/600?random=95}","[{""size"": ""M"", ""color"": ""Noir"", ""stock"": 29}, {""size"": ""L"", ""color"": ""Blanc"", ""stock"": 23}]","{sport,tendance,nouveau}","[{""user"": ""User94"", ""rating"": 4, ""comment"": ""Très bon produit!""}]","[{""answer"": ""Taille standard."", ""question"": ""Question sur la taille?""}]","[{""answer"": ""Lavage à 30°C"", ""question"": ""Comment laver?""}]","{""L"": ""42-44"", ""M"": ""40-42"", ""S"": ""38-40"", ""XL"": ""44-46"", ""XS"": ""36-38""}",sneakers,f,
144,Produit Test 95,Description détaillée du produit test 95,866.86,29,2,https://picsum.photos/400/600?random=95,Under Armour,"{https://picsum.photos/400/600?random=95,https://picsum.photos/400/600?random=96}","[{""size"": ""M"", ""color"": ""Noir"", ""stock"": 49}, {""size"": ""L"", ""color"": ""Blanc"", ""stock"": 42}]","{sport,tendance,nouveau}","[{""user"": ""User95"", ""rating"": 3, ""comment"": ""Très bon produit!""}]","[{""answer"": ""Taille standard."", ""question"": ""Question sur la taille?""}]","[{""answer"": ""Lavage à 30°C"", ""question"": ""Comment laver?""}]","{""L"": ""42-44"", ""M"": ""40-42"", ""S"": ""38-40"", ""XL"": ""44-46"", ""XS"": ""36-38""}",cpcompany,f,
145,Produit Test 96,Description détaillée du produit test 96,355.49,42,2,https://picsum.photos/400/600?random=96,Nike,"{https://picsum.photos/400/600?random=96,https://picsum.photos/400/600?random=97}","[{""size"": ""M"", ""color"": ""Noir"", ""stock"": 28}, {""size"": ""L"", ""color"": ""Blanc"", ""stock"": 19}]","{sport,tendance,nouveau}","[{""user"": ""User96"", ""rating"": 4, ""comment"": ""Très bon produit!""}]","[{""answer"": ""Taille standard."", ""question"": ""Question sur la taille?""}]","[{""answer"": ""Lavage à 30°C"", ""question"": ""Comment laver?""}]","{""L"": ""42-44"", ""M"": ""40-42"", ""S"": ""38-40"", ""XL"": ""44-46"", ""XS"": ""36-38""}",adult,f,
146,Produit Test 97,Description détaillée du produit test 97,600.30,44,2,https://picsum.photos/400/600?random=97,Adidas,"{https://picsum.photos/400/600?random=97,https://picsum.photos/400/600?random=98}","[{""size"": ""M"", ""color"": ""Noir"", ""stock"": 45}, {""size"": ""L"", ""color"": ""Blanc"", ""stock"": 29}]","{sport,tendance,nouveau}","[{""user"": ""User97"", ""rating"": 2, ""comment"": ""Très bon produit!""}]","[{""answer"": ""Taille standard."", ""question"": ""Question sur la taille?""}]","[{""answer"": ""Lavage à 30°C"", ""question"": ""Comment laver?""}]","{""L"": ""42-44"", ""M"": ""40-42"", ""S"": ""38-40"", ""XL"": ""44-46"", ""XS"": ""36-38""}",kids,f,
147,Produit Test 98,Description détaillée du produit test 98,313.86,51,2,https://picsum.photos/400/600?random=98,Puma,"{https://picsum.photos/400/600?random=98,https://picsum.photos/400/600?random=99}","[{""size"": ""M"", ""color"": ""Noir"", ""stock"": 5}, {""size"": ""L"", ""color"": ""Blanc"", ""stock"": 46}]","{sport,tendance,nouveau}","[{""user"": ""User98"", ""rating"": 1, ""comment"": ""Très bon produit!""}]","[{""answer"": ""Taille standard."", ""question"": ""Question sur la taille?""}]","[{""answer"": ""Lavage à 30°C"", ""question"": ""Comment laver?""}]","{""L"": ""42-44"", ""M"": ""40-42"", ""S"": ""38-40"", ""XL"": ""44-46"", ""XS"": ""36-38""}",sneakers,f,
148,Produit Test 99,Description détaillée du produit test 99,678.58,40,2,https://picsum.photos/400/600?random=99,Under Armour,"{https://picsum.photos/400/600?random=99,https://picsum.photos/400/600?random=100}","[{""size"": ""M"", ""color"": ""Noir"", ""stock"": 1}, {""size"": ""L"", ""color"": ""Blanc"", ""stock"": 16}]","{sport,tendance,nouveau}","[{""user"": ""User99"", ""rating"": 2, ""comment"": ""Très bon produit!""}]","[{""answer"": ""Taille standard."", ""question"": ""Question sur la taille?""}]","[{""answer"": ""Lavage à 30°C"", ""question"": ""Comment laver?""}]","{""L"": ""42-44"", ""M"": ""40-42"", ""S"": ""38-40"", ""XL"": ""44-46"", ""XS"": ""36-38""}",cpcompany,f,
149,Produit Test 100,Description détaillée du produit test 100,859.10,12,2,https://picsum.photos/400/600?random=100,Nike,"{https://picsum.photos/400/600?random=100,https://picsum.photos/400/600?random=101}","[{""size"": ""M"", ""color"": ""Noir"", ""stock"": 1}, {""size"": ""L"", ""color"": ""Blanc"", ""stock"": 49}]","{sport,tendance,nouveau}","[{""user"": ""User100"", ""rating"": 3, ""comment"": ""Très bon produit!""}]","[{""answer"": ""Taille standard."", ""question"": ""Question sur la taille?""}]","[{""answer"": ""Lavage à 30°C"", ""question"": ""Comment laver?""}]","{""L"": ""42-44"", ""M"": ""40-42"", ""S"": ""38-40"", ""XL"": ""44-46"", ""XS"": ""36-38""}",adult,f,
